{"version":2,"languages":{"nodejs-npm":{"specfileHash":"d78f4cab1c1955c6f7d8b1217abf2231","lockfileHash":"5a5dcb1ec706ff9fcca87392201f8aee","guessedImports":["react","react-dom","@solana/web3.js","@vitejs/plugin-react-refresh","vite","@project-serum/anchor"],"guessedImportsHash":"5d90d96506c88d26874d4dcc745cfede"},"nodejs-yarn":{"specfileHash":"36fe129750f9b571f62775768dfd2747","lockfileHash":"8cd20b0f91e5e007eadff22a3178e342","guessedImports":["@vitejs/plugin-react-refresh","react","react-dom"],"guessedImportsHash":"24f6f3418ae857900ebf7b7e00dc4a7b"}}}
